,Cities,Country,Date,Cloudiness,Humidity,Latitude,Longtitude,Max Temperature,Windspeed
0,Zhigansk,RU,1597947090,100,73,66.77,123.37,278.3,7.16
1,Albany,US,1597947090,27,38,42.6,-73.97,297.04,0.83
2,Horní Benešov,CZ,1597947090,84,74,49.97,17.6,295.37,0.8
3,Byron Bay,AU,1597946971,0,81,-28.65,153.62,285.37,1.5
4,Rikitea,PF,1597947091,95,83,-23.12,-134.97,293.06,11.71
5,Ushuaia,AR,1597947091,75,80,-54.8,-68.3,278.15,6.2
6,Aloleng,PH,1597947091,99,81,16.13,119.78,299.99,4.53
7,George Town,MY,1597947079,20,88,5.41,100.34,302.15,3.6
8,Broome,US,1597947091,25,57,42.25,-75.83,297.59,2.68
9,Brae,GB,1597947091,43,87,60.4,-1.35,288.15,3.1
10,Impfondo,CG,1597947091,100,84,1.64,18.07,297.61,1.97
11,Río Gallegos,AR,1597946841,65,49,-51.62,-69.22,282.15,12.3
12,Altamont,US,1597947091,1,45,42.21,-121.74,297.04,2.1
13,Longyearbyen,SJ,1597947068,75,93,78.22,15.64,279.15,1.5
14,Mataura,NZ,1597947091,100,98,-46.19,168.86,280.93,0.8
15,Kaitangata,NZ,1597947091,100,91,-46.28,169.85,282.04,1.79
16,Mount Isa,AU,1597947092,0,26,-20.73,139.5,289.15,3.6
17,São João da Barra,BR,1597947092,90,69,-21.64,-41.05,299.15,6.2
18,Avarua,CK,1597946908,83,94,-21.21,-159.78,296.15,9.8
19,Carnarvon,AU,1597947092,86,77,-24.87,113.63,291.15,4.1
20,East London,ZA,1597947092,66,64,-33.02,27.91,290.8,9.09
21,Torbay,CA,1597947092,40,64,47.67,-52.73,298.15,7.7
22,Faanui,PF,1597947092,11,79,-16.48,-151.75,298.46,10.85
23,Hobart,AU,1597946904,22,79,-42.88,147.33,279.15,7.2
24,Touros,BR,1597947092,73,62,-5.2,-35.46,303.15,6.2
25,Saint Paul Harbor,US,1597947092,1,63,57.79,-152.41,290.15,7.7
26,Port Alfred,ZA,1597947093,80,73,-33.59,26.89,289.2,9.95
27,Punta Arenas,CL,1597947093,75,70,-53.15,-70.92,282.04,13.4
28,Chifeng,CN,1597947093,0,61,42.27,118.96,285.71,0.3
29,Clyde River,CA,1597947093,75,71,70.47,-68.59,284.15,3.1
30,Yellowknife,CA,1597947093,20,62,62.46,-114.35,285.37,5.1
31,La Ronge,CA,1597947093,20,46,55.1,-105.28,296.15,1.5
32,Zalţan,LY,1597947093,0,67,32.95,11.87,301.33,8.35
33,Northam,GB,1597947093,50,81,51.03,-4.22,292.59,4.92
34,Alice Springs,AU,1597947093,0,39,-23.7,133.88,281.15,2.1
35,Calzada Larga,PA,1597947093,40,94,9.17,-79.57,299.82,2.1
36,Viedma,AR,1597946831,9,38,-40.81,-63.0,291.48,2.68
37,Jamestown,US,1597947094,1,49,42.1,-79.24,297.04,3.1
38,Arraial do Cabo,BR,1597947094,75,83,-22.97,-42.03,295.15,6.2
39,Hermanus,ZA,1597947094,100,92,-34.42,19.23,286.48,1.74
40,Neiafu,TO,1597947094,20,94,-18.65,-173.98,295.15,4.71
41,Majene,ID,1597947035,0,79,-3.54,118.97,297.46,4.46
42,Kuchinarai,TH,1597947094,100,88,16.54,104.05,298.22,1.39
43,Kidal,ML,1597947094,0,10,18.44,1.41,312.18,4.32
44,Bambous Virieux,MU,1597947094,75,73,-20.34,57.76,295.93,4.1
45,Buzuluk,RU,1597947094,4,77,52.78,52.26,284.96,2.89
46,Hofn,IS,1597947095,20,44,64.25,-15.21,287.15,8.7
47,Bethel,US,1597947095,0,50,41.37,-73.41,298.71,0.89
48,Souillac,MU,1597947095,75,73,-20.52,57.52,294.15,4.1
49,Miandrivazo,MG,1597947095,2,49,-19.52,45.47,297.17,0.96
50,Lincoln,US,1597946842,1,54,40.8,-96.67,302.59,7.2
51,Bluff,NZ,1597947095,100,98,-46.6,168.33,280.93,3.55
52,Kapaa,US,1597947095,40,74,22.08,-159.32,300.15,4.6
53,Cherskiy,RU,1597947095,20,92,68.75,161.3,273.95,2.5
54,Nome,US,1597946809,90,93,64.5,-165.41,284.26,1.92
55,Biak,ID,1597947096,88,72,-0.91,122.88,297.37,2.56
56,Qaanaaq,GL,1597947096,100,73,77.48,-69.36,281.81,5.26
57,Lumberton,US,1597947096,40,66,34.62,-79.01,302.15,3.1
58,Puerto Ayora,EC,1597947096,40,73,-0.74,-90.35,295.15,9.3
59,Elko,US,1597947096,24,15,41.0,-115.5,302.04,4.02
60,Nemuro,JP,1597947096,97,92,43.32,145.57,288.45,1.67
61,Tasiilaq,GL,1597947096,5,53,65.61,-37.64,283.15,7.2
62,Iqaluit,CA,1597947096,75,87,63.75,-68.51,282.15,4.1
63,Sikeston,US,1597947096,1,54,36.88,-89.59,301.15,4.6
64,Airai,TL,1597947096,76,54,-8.93,125.41,286.57,0.92
65,Dikson,RU,1597947096,0,71,73.51,80.55,281.41,6.38
66,Tuktoyaktuk,CA,1597947097,90,93,69.45,-133.04,281.15,6.7
67,Bosaso,SO,1597947097,46,50,11.28,49.18,305.81,0.73
68,Stanley,FK,1597947097,75,80,-51.7,-57.85,278.15,7.7
69,Los Llanos de Aridane,ES,1597947097,0,73,28.66,-17.92,298.71,3.1
70,Hong Kong,HK,1597947038,62,83,22.29,114.16,300.93,2.68
71,Guerrero Negro,MX,1597947097,79,47,27.98,-114.06,302.81,3.09
72,Kuching,MY,1597947097,20,94,1.55,110.33,299.15,0.35
73,Vaini,TO,1597947097,75,100,-21.2,-175.2,294.15,2.1
74,Stepnyak,KZ,1597947097,69,67,52.83,70.78,284.8,3.79
75,Castro,BR,1597947098,100,93,-24.79,-50.01,284.16,2.16
76,Umluj,SA,1597947098,35,54,25.02,37.27,305.04,2.19
77,Busselton,AU,1597947098,20,79,-33.65,115.33,278.71,2.48
78,Hilo,US,1597947098,90,94,19.73,-155.09,296.15,3.1
79,Muroto-misakicho,JP,1597947098,0,75,33.28,134.15,301.3,1.25
80,São Félix do Xingu,BR,1597947098,0,14,-6.64,-51.99,312.64,2.11
81,Cape Town,ZA,1597946800,20,87,-33.93,18.42,287.59,1.5
82,Nelson Bay,AU,1597947098,0,76,-32.72,152.15,282.15,4.6
83,Malinyi,TZ,1597947098,42,49,-8.93,36.13,297.6,1.38
84,Leningradskiy,RU,1597947099,100,76,69.38,178.42,281.95,2.57
85,Mahébourg,MU,1597947099,75,73,-20.41,57.7,294.15,4.1
86,Kahului,US,1597947099,40,74,20.89,-156.47,299.15,4.6
87,Pevek,RU,1597947099,100,90,69.7,170.31,275.69,5.61
88,Lompoc,US,1597947016,75,72,34.64,-120.46,294.15,2.6
89,Quatre Cocos,MU,1597947099,75,73,-20.21,57.76,295.93,4.1
90,Port Hedland,AU,1597947099,7,55,-20.32,118.57,289.15,3.1
91,Vallenar,CL,1597947099,0,24,-28.57,-70.76,295.13,2.94
92,Bariloche,AR,1597947007,0,52,-41.15,-71.31,281.15,2.1
93,Lubumbashi,CD,1597947099,26,28,-11.66,27.48,294.09,1.07
94,Dubbo,AU,1597947099,40,93,-32.25,148.62,278.15,2.1
95,New Norfolk,AU,1597947100,35,90,-42.78,147.06,278.15,0.89
96,Pelym,RU,1597947100,69,97,61.01,62.0,284.39,2.82
97,Kanye,BW,1597947100,0,48,-24.97,25.33,282.85,2.41
98,Zhengjiatun,CN,1597947100,81,73,43.51,123.51,285.81,3.29
99,Shizunai-furukawachō,JP,1597947100,100,85,42.33,142.37,291.77,2.85
100,Butaritari,KI,1597947100,99,76,3.07,172.79,301.11,6.07
101,Nikolskoye,RU,1597947100,0,56,59.7,30.79,293.15,2.0
102,Chui,UY,1597947100,66,54,-33.7,-53.46,283.38,5.55
103,Dunedin,NZ,1597947100,100,91,-45.87,170.5,281.48,0.89
104,Bonavista,CA,1597947100,55,68,48.65,-53.11,295.93,5.36
105,Lorengau,PG,1597947101,32,78,-2.02,147.27,300.87,4.1
106,Melfi,IT,1597947101,5,45,41.0,15.65,302.15,6.2
107,Kruisfontein,ZA,1597947101,98,88,-34.0,24.73,286.48,0.45
108,Saint-Pierre,RE,1597947101,14,64,-21.34,55.48,293.15,2.1
109,Atuona,PF,1597947101,36,77,-9.8,-139.03,299.08,7.08
110,Manaus,BR,1597946999,40,56,-3.1,-60.02,308.15,3.1
111,Ketchikan,US,1597947101,90,82,55.34,-131.65,290.15,10.3
112,Burgeo,CA,1597946820,0,73,47.62,-57.62,291.51,10.67
113,Ponta do Sol,PT,1597947101,10,69,32.67,-17.1,297.59,3.08
114,Barrow,US,1597947101,90,100,71.29,-156.79,277.15,2.1
115,Buncrana,IE,1597947101,75,93,55.13,-7.45,287.15,7.7
116,Katobu,ID,1597947102,0,88,-4.94,122.53,295.08,1.53
117,Puerto Baquerizo Moreno,EC,1597947102,90,77,-0.9,-89.6,294.15,8.2
118,Griffith,US,1597947094,1,44,41.53,-87.42,301.48,2.6
119,Katherine,AU,1597947102,8,47,-14.47,132.27,299.15,2.1
120,Kavaratti,IN,1597947102,100,80,10.57,72.64,301.21,5.65
121,Porto-Novo,BJ,1597947102,40,88,6.5,2.6,298.15,6.7
122,Paamiut,GL,1597947102,0,78,61.99,-49.67,280.49,2.88
123,Turka,UA,1597947102,13,97,49.15,23.03,293.15,6.26
124,Ribeira Grande,PT,1597947102,20,83,38.52,-28.7,298.15,5.1
125,Bad Münstereifel,DE,1597947103,90,55,50.55,6.77,300.37,0.45
126,Huejúcar,MX,1597947103,97,52,22.35,-103.22,296.2,1.48
127,Kaseda-shirakame,JP,1597947103,41,78,31.42,130.32,300.46,0.21
128,Laguna,US,1597947103,90,41,38.42,-121.42,299.26,2.6
129,Mareeba,AU,1597947103,0,93,-17.0,145.43,289.26,0.5
130,Manoel Urbano,BR,1597947103,8,26,-8.84,-69.26,312.31,1.32
131,Cap Malheureux,MU,1597947103,42,66,-19.98,57.61,295.93,1.79
132,Bol,TD,1597947103,100,81,13.46,14.71,299.88,4.58
133,Lüderitz,NA,1597947103,0,34,-26.65,15.16,290.08,9.08
134,Praia da Vitória,PT,1597947103,75,94,38.73,-27.07,296.15,3.78
135,Oktyabr'skoye,RU,1597947103,2,64,43.06,44.74,295.15,4.0
136,Andenes,NO,1597947104,75,71,69.31,16.12,283.15,1.5
137,Thompson,CA,1597947014,75,69,55.74,-97.86,297.15,3.1
138,Bathsheba,BB,1597947104,40,74,13.22,-59.52,304.15,7.2
139,Lata,PT,1597947104,100,97,40.16,-8.33,293.15,1.74
140,Provideniya,RU,1597947104,33,69,64.38,-173.3,283.76,1.8
141,Zyryanka,RU,1597947104,91,85,65.75,150.85,275.17,4.38
142,Alexandria,EG,1597946298,20,74,31.22,29.96,301.15,4.6
143,West Bay,KY,1597947104,40,83,19.37,-81.42,301.48,3.6
144,Chhātāpur,IN,1597947105,100,86,26.22,87.02,299.15,7.8
145,San Vicente,AR,1597947105,65,56,-26.62,-54.13,284.09,3.35
146,Buala,SB,1597947105,16,74,-8.14,159.59,300.08,1.14
147,Tsimmerbude,RU,1597947105,75,88,54.67,20.13,294.15,4.0
148,Luena,AO,1597947105,100,25,-11.78,19.92,293.37,1.39
149,Sveio,NO,1597947105,75,88,59.54,5.35,292.15,6.2
150,San Patricio,MX,1597947105,75,63,19.22,-104.7,306.15,5.1
151,Nyurba,RU,1597947105,0,76,63.28,118.33,278.24,0.99
152,Khatanga,RU,1597947105,0,66,71.97,102.5,280.16,5.36
153,Tiksi,RU,1597947106,100,92,71.69,128.87,277.05,4.91
154,Būlaevo,KZ,1597947106,100,93,54.91,70.44,283.21,4.01
155,Fleet,GB,1597947106,0,46,51.28,-0.83,294.82,6.2
156,Upernavik,GL,1597947106,24,70,72.79,-56.15,281.26,4.43
157,Bredasdorp,ZA,1597947106,100,93,-34.53,20.04,286.15,1.0
158,Avera,US,1597947106,75,66,33.19,-82.53,303.15,3.6
159,Yangi Marg`ilon,UZ,1597947106,20,53,40.43,71.72,296.15,2.1
160,Borogontsy,RU,1597947106,0,79,62.67,131.17,275.81,1.59
161,Bengkulu,ID,1597947106,93,86,-3.8,102.27,298.16,1.91
162,San Blas,MX,1597947106,75,74,21.52,-105.27,300.15,2.6
163,New Richmond,US,1597946873,1,54,45.12,-92.54,299.15,4.1
164,Ibrā’,OM,1597947107,27,37,22.69,58.53,307.95,2.51
165,Ulaanbaatar,MN,1597947107,0,37,47.91,106.88,292.15,7.0
166,Krosno,PL,1597947107,0,89,49.69,21.77,290.37,1.95
167,Marrakesh,MA,1597947107,20,26,31.63,-8.01,309.15,4.1
168,Laas,IT,1597947107,20,64,46.62,10.7,294.15,4.1
169,Usinsk,RU,1597947107,3,81,65.99,57.53,286.58,6.84
170,Bud,US,1597947107,1,50,39.45,-86.18,298.71,1.5
171,Coro,VE,1597947107,87,58,11.4,-69.67,305.36,7.75
172,Tumba,SE,1597947107,3,53,59.2,17.83,295.15,3.6
173,Luanda,AO,1597946895,63,78,-8.84,13.23,296.15,3.1
174,Saint-Philippe,RE,1597947108,45,64,-21.36,55.77,293.15,2.1
175,Chara,RU,1597947108,86,68,56.91,118.26,284.99,0.77
176,Lebu,CL,1597947108,0,64,-37.62,-73.65,285.77,8.62
177,Beverley,GB,1597947108,61,38,53.85,-0.42,297.15,4.1
178,Erechim,BR,1597947108,75,76,-27.63,-52.27,284.15,7.2
179,Tabou,CI,1597947108,61,83,4.42,-7.35,297.92,5.52
180,Vila Velha,BR,1597946912,75,83,-20.33,-40.29,297.15,6.2
181,Port Blair,IN,1597947108,11,81,11.67,92.75,301.01,4.83
182,Bereda,ES,1597947108,90,28,43.27,-7.54,297.04,7.6
183,Raja,SS,1597947108,86,93,8.46,25.68,295.93,0.77
184,Tulagi,SB,1597947109,20,94,-9.1,160.15,297.15,1.5
185,Cabildo,AR,1597947109,0,27,-38.48,-61.9,285.93,4.92
186,Alofi,NU,1597947109,32,100,-19.06,-169.92,296.15,0.5
187,Den Helder,NL,1597947109,40,69,52.96,4.76,298.71,5.1
188,Douglas,US,1597946991,1,54,41.3,-96.17,301.48,5.1
189,Adrar,MR,1597947109,47,24,20.5,-10.07,310.05,7.01
190,Forsytheganj,BY,1597947109,100,90,52.63,29.73,291.32,3.2
191,Khani,GE,1597947109,75,83,41.96,42.96,298.15,3.1
192,Hithadhoo,MV,1597947109,94,69,-0.6,73.08,302.03,2.08
193,Saint-Augustin,CA,1597947109,30,68,51.23,-58.65,291.61,8.59
194,Warmbad,NA,1597947110,0,30,-28.45,18.73,286.64,4.81
195,Nyzhnya Duvanka,UA,1597947110,100,74,49.58,38.17,294.38,6.47
196,Tuatapere,NZ,1597947110,100,98,-46.13,167.68,280.93,0.69
197,Beidao,CN,1597947110,38,84,34.57,105.89,291.86,1.84
198,Hamilton,US,1597946906,1,44,39.18,-84.53,301.48,2.6
199,Opuwo,NA,1597947110,43,33,-18.06,13.84,288.23,2.09
200,Egvekinot,RU,1597947110,47,80,66.32,-179.17,281.05,1.43
201,Sangar,RU,1597947110,11,74,63.92,127.47,276.87,0.82
202,Suşehri,TR,1597947111,0,47,40.16,38.09,293.0,2.61
203,Dalvik,IS,1597947111,40,54,65.97,-18.53,286.15,6.2
204,Ambon City,ID,1597947111,58,16,-3.7,128.18,297.59,2.93
205,Fernie,CA,1597947111,90,40,49.5,-115.07,294.15,1.5
206,Enshi,CN,1597947111,100,84,30.3,109.48,296.68,0.45
207,Lavrentiya,RU,1597947111,0,75,65.58,-171.0,283.41,1.54
208,Talnakh,RU,1597947111,40,77,69.49,88.4,288.15,3.0
209,Hūn,LY,1597946944,0,24,29.13,15.95,306.42,7.37
210,Eureka,US,1597947010,0,74,40.8,-124.16,295.37,1.79
211,Gaomi,CN,1597947112,90,88,36.38,119.75,296.15,3.0
212,Korla,CN,1597947112,77,47,41.76,86.15,301.48,0.45
213,Terrace,CA,1597946945,90,100,54.52,-128.6,287.15,3.6
214,São Filipe,CV,1597947112,35,79,14.9,-24.5,298.31,4.97
215,Aras,ES,1597947112,50,18,42.56,-2.36,310.15,4.6
216,Morant Bay,JM,1597947112,75,94,17.88,-76.41,302.59,9.8
217,Waipawa,NZ,1597946958,52,82,-41.41,175.52,286.48,5.7
218,Tawang Town,IN,1597947112,90,75,27.58,91.87,286.29,0.78
219,Kitwe,ZM,1597947112,41,29,-12.8,28.25,297.38,4.1
220,Sobolevo,RU,1597947112,98,94,54.43,31.9,288.0,3.11
221,Geraldton,AU,1597946867,94,81,-28.77,114.6,285.15,2.6
222,Vardø,NO,1597947113,75,87,70.37,31.11,283.15,6.7
223,Bobo-Dioulasso,BF,1597947113,20,78,11.18,-4.3,299.15,6.7
224,Ojinaga,MX,1597947113,1,21,29.57,-104.42,307.15,2.1
225,Galveston,US,1597947022,40,55,29.37,-94.97,305.93,5.1
226,Thinadhoo,MV,1597947113,57,63,0.53,72.93,302.23,1.39
227,Lagoa,PT,1597947113,65,87,39.05,-27.98,294.96,4.36
228,Peniche,PT,1597947113,99,95,39.36,-9.38,294.26,2.24
229,Abalak,RU,1597947113,83,95,58.13,68.59,283.47,0.52
230,Olafsvik,IS,1597947113,0,66,64.89,-23.71,284.91,6.77
231,Maracaçumé,BR,1597947113,21,35,-2.04,-45.96,308.28,2.14
232,Poum,NC,1597947114,27,67,-20.23,164.02,294.68,1.97
233,Barra Patuca,HN,1597947114,47,63,15.8,-84.28,303.44,2.86
234,Palizada,MX,1597947114,20,70,18.25,-92.08,303.15,0.13
235,Canalete,CO,1597947114,75,78,8.68,-76.2,301.15,2.1
236,Itoman,JP,1597947114,20,83,26.12,127.67,302.15,2.1
237,Tilichiki,RU,1597947114,100,97,60.47,166.1,281.1,4.67
238,Portland,US,1597947004,40,60,45.52,-122.68,298.15,1.5
239,Mbandaka,CD,1597947114,100,80,0.05,18.26,297.87,1.99
240,Morondava,MG,1597947115,7,75,-20.28,44.28,297.15,7.48
241,Mbaïki,CF,1597946823,100,98,3.87,17.99,295.33,1.12
242,Kodinsk,RU,1597947115,25,89,58.69,99.18,285.81,1.27
243,Dongli,CN,1597947115,40,94,23.57,116.82,299.15,1.59
244,Bogovarovo,RU,1597947115,79,76,58.98,47.02,284.29,2.58
245,Tual,ID,1597947115,47,83,-5.67,132.75,299.41,5.75
246,Cidreira,BR,1597947115,81,59,-30.18,-50.21,284.56,6.78
247,Teruel,ES,1597947115,4,27,40.67,-0.67,303.15,7.7
248,Los Arabos,CU,1597947115,0,47,22.73,-80.72,307.44,0.68
249,Turukhansk,RU,1597947115,100,96,65.82,87.98,286.85,1.29
250,Tangshan,CN,1597947116,45,60,39.63,118.18,290.94,2.49
251,San Miguel de Tucumán,AR,1597947116,0,26,-26.82,-65.22,286.15,2.76
252,Whitianga,NZ,1597947116,19,87,-36.83,175.7,285.93,1.79
253,Jizan,SA,1597947116,9,67,17.33,42.67,307.15,2.6
254,Cabo San Lucas,MX,1597946828,90,94,22.89,-109.91,298.15,10.3
255,Caravelas,BR,1597947116,0,62,-17.71,-39.25,299.51,4.02
256,Fortuna,US,1597947116,0,64,40.6,-124.16,297.59,0.89
257,Sinop Province,TR,1597947116,75,88,41.77,34.87,295.15,3.1
258,Pitimbu,BR,1597946875,20,58,-7.47,-34.81,302.15,6.7
259,Ancud,CL,1597947117,90,87,-41.87,-73.82,287.04,2.6
260,Berlevåg,NO,1597947117,75,81,70.86,29.09,283.15,2.1
261,Araouane,ML,1597947117,29,17,18.9,-3.53,313.13,2.49
262,Luleå,SE,1597947117,40,88,65.58,22.15,291.15,2.6
263,Ust'-Barguzin,RU,1597947117,80,90,53.45,108.98,287.01,1.53
264,Mandapeta,IN,1597947117,100,93,16.87,81.93,297.27,4.93
265,Lerwick,GB,1597947117,34,87,60.15,-1.15,288.15,3.1
266,San Policarpo,PH,1597947117,100,86,12.18,125.51,298.45,1.75
267,Saskylakh,RU,1597947117,79,70,71.92,114.08,277.74,3.28
268,Haines Junction,CA,1597947118,97,57,60.75,-137.51,286.42,1.46
269,Lys'va,RU,1597947118,74,95,58.11,57.81,285.15,3.65
270,Camacha,PT,1597947118,20,65,33.08,-16.33,299.15,4.6
271,Okahandja,NA,1597947118,0,5,-21.98,16.92,290.15,2.1
272,Roald,NO,1597947118,45,82,62.58,6.13,293.15,6.2
273,Olinda,BR,1597947118,38,73,-8.01,-34.86,300.06,6.39
274,Inhambane,MZ,1597947118,75,72,-23.86,35.38,293.15,2.6
275,Villa Altagracia,DO,1597947118,40,56,18.67,-70.17,307.15,4.1
276,Båtsfjord,NO,1597947118,75,81,70.63,29.72,283.15,2.1
277,Te Anau,NZ,1597947118,100,90,-45.42,167.72,280.45,0.67
278,Plácido de Castro,BR,1597947118,59,41,-10.34,-67.19,305.94,3.8
279,Naifaru,MV,1597947119,100,69,5.44,73.37,301.75,2.57
280,Boffa,GN,1597947119,100,94,10.17,-14.03,295.51,3.94
281,Mana,GF,1597947119,93,60,5.66,-53.78,304.27,4.72
282,Maniitsoq,GL,1597946972,38,65,65.42,-52.9,284.43,6.42
283,Darnah,LY,1597947119,0,77,32.77,22.64,299.0,8.86
284,Mandalī,IQ,1597947119,0,13,33.75,45.55,304.94,3.51
285,Kletskaya,RU,1597947119,98,44,49.31,43.06,294.26,1.79
286,Mabay,PH,1597947119,41,79,6.06,124.47,299.03,2.06
287,Padang,ID,1597947119,98,77,-0.95,100.35,299.37,1.85
288,Itarema,BR,1597947119,68,57,-2.92,-39.92,302.3,8.38
289,Derzhavīnsk,KZ,1597947119,96,67,51.1,66.32,287.43,4.98
290,Flinders,AU,1597947120,0,64,-34.58,150.86,284.82,0.89
291,Kaeo,NZ,1597946972,1,3,-35.1,173.78,285.93,4.02
292,Gamba,GA,1597947120,78,83,-2.65,10.0,295.99,2.74
293,Vestmannaeyjar,IS,1597947120,40,76,63.44,-20.27,284.15,2.6
294,Honiara,SB,1597947120,20,94,-9.43,159.95,297.15,1.5
295,Isangel,VU,1597947120,40,81,-19.55,169.27,295.29,0.81
296,Chokurdakh,RU,1597947120,98,97,70.63,147.92,275.03,2.06
297,Port Hardy,CA,1597947120,75,93,50.7,-127.42,288.15,2.6
298,Emilio Carranza,MX,1597947120,79,65,19.97,-96.61,303.18,2.9
299,Cedar Falls,US,1597947035,1,44,42.53,-92.45,300.15,5.7
300,Bambanglipuro,ID,1597947120,14,86,-7.95,110.28,297.12,2.42
301,Rohnert Park,US,1597946889,90,60,38.34,-122.7,299.26,1.65
302,Kontagora,NG,1597947121,97,84,10.4,5.47,298.31,0.98
303,Iwamizawa,JP,1597947121,22,7,43.2,141.76,290.93,1.34
304,Nuuk,GL,1597947121,20,45,64.18,-51.72,290.15,2.1
305,Akure,NG,1597947121,80,95,7.25,5.19,296.02,1.31
306,Gboko,NG,1597947121,100,93,7.32,9.0,296.33,2.28
307,Kapoeta,SS,1597947121,29,48,4.77,33.59,300.54,3.36
308,Straumen,NO,1597947121,75,88,63.87,11.3,292.15,2.1
309,Norman Wells,CA,1597947122,75,58,65.28,-126.83,288.15,5.1
310,Saint George,US,1597947122,1,13,37.1,-113.58,310.93,2.26
311,Katsuura,JP,1597946944,0,88,35.13,140.3,300.15,6.2
312,Nicoya,CR,1597947122,40,74,10.15,-85.45,303.15,3.6
313,Salalah,OM,1597947122,75,94,17.02,54.09,299.15,1.5
314,Chapais,CA,1597947122,75,52,49.78,-74.85,291.15,3.6
315,Dolores,AR,1597947122,0,47,-36.31,-57.68,283.45,6.2
316,Plettenberg Bay,ZA,1597947122,95,77,-34.05,23.37,287.38,2.86
317,Kiama,AU,1597947122,0,62,-34.68,150.87,284.82,8.94
318,Sivaki,RU,1597947123,12,82,52.63,126.75,283.85,3.1
319,Antalaha,MG,1597947123,100,89,-14.9,50.28,294.17,2.71
320,Giraltovce,SK,1597947123,0,73,49.11,21.52,295.15,2.1
321,Port Elizabeth,ZA,1597946928,77,93,-33.92,25.57,287.15,7.7
322,Raudeberg,NO,1597947123,70,89,61.99,5.14,290.93,1.39
323,Monterey,US,1597947123,1,60,36.25,-121.25,303.71,3.1
324,Walvis Bay,NA,1597947123,0,11,-22.96,14.51,297.15,5.7
325,Novyy Oskol,RU,1597947123,99,75,50.76,37.87,292.12,1.23
326,Levski,BG,1597947123,64,64,43.37,25.13,297.04,0.45
327,Carlisle,US,1597947123,5,50,40.2,-77.19,300.93,2.34
328,Graham,US,1597947124,1,60,47.05,-122.29,296.15,2.1
329,Cayenne,GF,1597947124,40,66,4.93,-52.33,305.15,5.7
330,Mustafakemalpaşa,TR,1597947017,0,53,40.04,28.41,299.15,2.1
331,Alyangula,AU,1597947124,0,100,-13.85,136.42,291.15,1.5
332,Long Branch,US,1597947124,1,44,40.3,-73.99,299.15,2.1
333,Guaporé,BR,1597947124,16,56,-28.85,-51.89,284.82,2.86
334,Bismarck,US,1597946834,1,51,46.81,-100.78,303.15,5.1
335,Polunochnoye,RU,1597947124,87,97,60.87,60.42,285.29,3.03
336,Tulun,RU,1597947124,76,76,54.56,100.58,286.91,2.02
337,Kavieng,PG,1597947115,40,80,-2.57,150.8,300.81,4.95
338,Alegrete,BR,1597946831,7,45,-29.78,-55.79,284.62,5.09
339,Sola,VU,1597947125,36,86,-13.88,167.55,300.04,4.61
340,Giohar,SO,1597947005,57,76,2.78,45.5,297.39,6.2
341,Aljezur,PT,1597947125,4,80,37.32,-8.8,296.48,4.03
342,Kumul,CN,1597947125,15,26,42.8,93.45,300.02,2.26
343,Liverpool,GB,1597946991,75,60,53.41,-2.98,294.26,5.7
344,Ostrovnoy,RU,1597947125,56,79,68.05,39.51,287.17,5.35
345,Payson,US,1597946967,40,28,40.04,-111.73,305.37,1.5
346,Dali,CN,1597947125,6,83,25.7,100.18,288.94,0.8
347,Boa Vista,BR,1597947126,40,46,2.82,-60.67,307.15,3.6
348,Panama City,PA,1597946797,40,94,8.99,-79.52,299.82,2.1
349,Sunland Park,US,1597947126,1,16,31.8,-106.58,308.71,3.6
350,Liepāja,LV,1597947126,100,77,56.54,21.04,293.15,1.61
351,Mount Gambier,AU,1597947126,40,87,-37.83,140.77,279.15,4.1
352,Naze,JP,1597947126,27,94,28.37,129.48,299.15,0.5
353,Florence,IT,1597947036,0,35,43.77,11.25,305.15,4.6
354,Karatau,KZ,1597947126,0,26,43.17,70.47,294.85,2.35
355,Hambantota,LK,1597947126,92,80,6.12,81.12,300.05,7.67
356,Saldanha,ZA,1597947126,100,82,-33.01,17.94,288.15,1.5
357,Rossland,CA,1597947126,100,48,49.08,-117.8,293.15,2.24
358,Ilulissat,GL,1597947127,20,53,69.22,-51.1,283.15,2.1
359,Paoua,CF,1597947127,100,98,7.24,16.44,293.83,1.25
360,Sibu,MY,1597946858,20,94,2.3,111.82,297.15,0.56
361,Eyl,SO,1597947127,39,76,7.98,49.82,298.51,10.33
362,Roswell,US,1597947127,40,69,34.02,-84.36,302.04,2.6
363,Makakilo City,US,1597946969,20,73,21.35,-158.09,299.82,1.5
364,Dudinka,RU,1597947127,40,77,69.41,86.18,288.15,3.0
365,Caibarién,CU,1597947127,40,55,22.52,-79.47,306.15,4.6
366,Kamaishi,JP,1597947127,1,72,39.27,141.88,296.04,2.18
367,Mar del Plata,AR,1597947127,0,27,-38.0,-57.56,285.15,6.7
368,Aksarka,RU,1597947128,94,87,66.56,67.8,286.42,4.61
369,Mumbwa,ZM,1597947128,86,34,-14.98,27.06,297.43,3.56
370,Mossamedes,AO,1597947128,84,82,-15.2,12.15,291.18,2.9
371,Krasnoarmeysk,RU,1597947128,3,35,51.02,45.7,290.93,1.79
372,Cabedelo,BR,1597947128,20,58,-6.98,-34.83,302.15,6.7
373,Hobyo,SO,1597947128,60,80,5.35,48.53,297.93,9.35
374,Kwinana,AU,1597947128,17,100,-32.25,115.77,281.15,3.75
375,Ratnagiri,IN,1597947128,100,87,16.98,73.3,299.59,5.24
376,Batyrevo,RU,1597947128,0,74,55.07,47.61,283.64,3.39
377,Vostok,RU,1597947129,98,90,46.49,135.88,281.56,1.63
378,Batagay,RU,1597947125,0,97,67.63,134.63,272.96,1.1
379,Manicoré,BR,1597947129,54,21,-5.81,-61.3,313.24,2.12
380,Marabu,MY,1597947129,20,88,4.41,114.01,299.15,1.16
381,Broken Hill,AU,1597947129,20,87,-31.95,141.43,281.15,7.2
382,Charters Towers,AU,1597947129,1,34,-20.1,146.27,287.34,3.74
383,Tamandaré,BR,1597947129,61,78,-8.76,-35.1,299.52,4.47
384,Shwebo,MM,1597947129,100,92,22.57,95.7,297.99,3.17
385,Krasnosel'kup,RU,1597947129,100,89,65.7,82.47,287.55,1.91
386,Gilgit,PK,1597947129,59,35,35.92,74.31,299.78,2.34
387,Teya,RU,1597947129,11,89,60.38,92.63,284.71,2.24
388,Narsaq,GL,1597947130,5,51,60.92,-46.05,288.15,5.1
389,Copiapó,CL,1597947130,0,55,-27.37,-70.33,289.15,1.0
390,Severo-Kuril'sk,RU,1597947130,11,79,50.68,156.12,283.01,6.97
391,Takoradze,GH,1597947130,61,84,4.88,-1.76,297.87,5.95
392,Nichinan,JP,1597946943,53,78,31.6,131.37,299.33,1.49
393,North Bend,US,1597947055,20,82,43.41,-124.22,297.04,3.1
394,Ulcinj,ME,1597947130,0,35,41.93,19.22,302.15,5.1
395,Qaqortoq,GL,1597947130,5,51,60.72,-46.03,288.15,5.1
396,Mozarlândia,BR,1597947131,1,17,-14.74,-50.57,311.49,1.04
397,Sarab,IR,1597947131,0,32,38.61,44.99,299.88,1.3
398,Marawi,PH,1597947131,75,92,8.0,124.29,296.48,2.24
399,Bumba,CD,1597947131,100,90,2.18,22.47,296.43,0.73
400,San Cristobal,VE,1597947131,40,49,7.77,-72.22,305.15,8.7
401,Dracena,BR,1597947131,76,56,-21.48,-51.53,293.0,7.38
402,Anadyr,RU,1597947131,20,76,64.75,177.48,283.15,4.0
403,Coquimbo,CL,1597947131,20,76,-29.95,-71.34,286.15,5.7
404,Palmer,US,1597947044,40,41,42.16,-72.33,298.71,2.1
405,Khandyga,RU,1597947131,29,71,62.67,135.6,277.69,2.49
406,Distrikt Brokopondo,SR,1597947132,0,55,4.75,-55.17,304.8,1.03
407,Valparaíso,CL,1597947132,0,45,-33.04,-71.63,290.15,3.1
408,Nouadhibou,MR,1597947132,0,65,20.93,-17.03,299.15,4.6
409,Morón,AR,1597947132,0,37,-34.65,-58.62,285.37,5.7
410,Barra,BR,1597947132,8,25,-11.09,-43.14,305.67,2.08
411,Bǝrdǝ,AZ,1597947132,0,45,40.37,47.13,299.63,5.05
412,Lahaina,US,1597947132,40,74,20.88,-156.68,299.15,4.6
413,San Ramon,US,1597947132,1,38,37.78,-121.98,301.48,3.1
414,Falmouth,GB,1597946853,49,82,50.15,-5.07,292.15,10.3
415,Jati,PK,1597947132,99,70,24.35,68.27,303.38,4.38
416,Gornopravdinsk,RU,1597947133,83,94,60.05,69.9,285.4,1.75
417,Canutama,BR,1597947133,9,24,-6.53,-64.38,312.27,1.88
418,Westport,US,1597946871,1,56,41.14,-73.36,298.71,3.6
419,Candia,US,1597947133,6,29,43.08,-71.28,299.26,0.89
420,Cockburn Town,TC,1597947133,40,62,21.46,-71.14,304.15,6.2
421,Cavalcante,BR,1597947133,0,17,-13.8,-47.46,307.54,3.88
422,Yerofey Pavlovich,RU,1597947133,83,90,53.97,121.97,283.3,0.9
423,Bilma,NE,1597947133,37,9,18.69,12.92,311.06,5.36
424,Benguela,AO,1597947133,85,85,-12.58,13.41,294.53,2.35
425,Brewster,US,1597947097,20,43,41.4,-73.62,298.71,2.1
426,Seoul,KR,1597947034,1,88,37.57,126.98,298.15,0.4
427,Kudahuvadhoo,MV,1597947134,92,66,2.67,72.89,301.81,2.32
428,Timmins,CA,1597947134,90,82,48.47,-81.33,290.15,1.0
429,Paragominas,BR,1597947134,1,26,-2.97,-47.48,309.87,2.28
430,Santa Cruz de la Sierra,BO,1597946838,90,76,-17.8,-63.17,283.15,14.9
431,Dhamtari,IN,1597947134,100,91,20.71,81.55,298.13,6.35
432,Cumbitara,CO,1597947134,40,77,1.65,-77.58,294.15,3.6
433,Vanderhoof,CA,1597947134,100,84,54.02,-124.02,287.79,3.46
434,Gallup,US,1597947134,1,21,35.53,-108.74,305.15,4.6
435,Whitehorse,CA,1597947044,75,81,60.72,-135.05,282.15,2.6
436,Kharovsk,RU,1597947135,42,87,59.96,40.19,285.57,1.4
437,Taltal,CL,1597947135,6,50,-25.4,-70.48,289.78,3.43
438,La Romana,DO,1597947135,40,59,18.43,-68.97,306.15,4.1
439,Solnechnyy,RU,1597947135,0,50,50.72,136.63,287.26,4.16
440,Necochea,AR,1597947135,0,43,-38.55,-58.74,285.93,4.92
441,Uva,RU,1597947135,95,89,56.99,52.19,285.93,0.45
442,Marsá Maţrūḩ,EG,1597947135,20,74,31.35,27.25,300.15,3.6
443,Yining,CN,1597947135,93,89,29.04,114.56,297.2,0.74
444,Palana,RU,1597947135,95,93,59.12,159.97,281.75,1.14
445,Najrān,SA,1597947136,15,12,17.49,44.13,308.15,4.1
446,Khovu-Aksy,RU,1597947136,100,77,51.13,93.6,285.69,1.84
447,Esperance,AU,1597947136,40,100,-33.87,121.9,282.15,3.6
448,Lidköping,SE,1597947136,64,73,58.51,13.16,295.37,3.1
449,Pontianak,ID,1597947136,55,90,-0.03,109.33,297.61,0.82
450,Buin,CL,1597947136,0,20,-33.73,-70.75,293.15,1.0
451,Maxixe,MZ,1597947136,75,72,-23.86,35.35,293.15,2.6
452,Kolokani,ML,1597947136,35,73,13.57,-8.03,301.23,3.62
453,Camalú,MX,1597947136,0,60,30.85,-116.07,299.88,2.44
454,Batemans Bay,AU,1597947114,1,83,-35.72,150.18,279.82,2.68
455,Mouila,GA,1597947137,87,68,-1.87,11.06,299.08,2.41
456,Nizhniy Bestyakh,RU,1597947137,0,87,61.96,129.91,279.15,3.0
457,Henties Bay,NA,1597947137,0,68,-22.12,14.28,289.26,5.81
458,Pangnirtung,CA,1597947137,75,87,66.15,-65.71,282.15,4.6
459,Calama,CL,1597947137,0,18,-22.47,-68.93,289.15,11.8
460,Myaundzha,RU,1597947125,100,81,63.05,147.19,275.65,1.84
461,Nāthdwāra,IN,1597947137,100,88,24.93,73.82,298.25,0.61
462,Sindang,ID,1597947137,34,95,-7.0,108.33,292.41,0.33
463,Auki,SB,1597947138,1,85,-8.77,160.7,298.25,1.68
464,Flin Flon,CA,1597947138,40,47,54.77,-101.86,298.15,2.6
465,Fare,PF,1597947138,31,78,-16.7,-151.02,298.83,11.4
466,Kpandae,GH,1597947138,98,74,8.47,-0.01,300.31,2.08
467,Port Moresby,PG,1597947138,40,94,-9.44,147.18,295.15,1.5
468,Nikki,BJ,1597947138,85,85,9.94,3.21,298.15,1.56
469,Puerto Madryn,AR,1597947138,0,35,-42.77,-65.04,290.33,6.61
470,Horta,PT,1597947139,20,83,38.53,-28.63,298.15,5.1
471,Labuhan,ID,1597947139,0,76,-6.88,112.21,298.46,4.97
472,Worland,US,1597947139,1,50,44.02,-107.96,302.04,0.59
473,Muros,ES,1597947139,55,67,42.78,-9.06,294.26,6.26
474,Ugoofaaru,MV,1597947139,100,70,5.67,73.0,301.75,2.38
475,Pierre,US,1597947139,1,38,44.37,-100.35,308.15,4.1
476,Kanpur,IN,1597946992,75,89,26.47,80.35,302.15,2.1
477,Bairiki Village,KI,1597947139,40,88,1.33,172.98,300.15,2.6
478,Tegul'det,RU,1597947139,16,96,57.31,88.17,282.81,1.93
479,Benjamin Constant,BR,1597947139,40,62,-4.38,-70.03,307.15,2.6
480,Oparino,RU,1597947140,100,81,59.85,48.28,284.59,3.34
481,Husavik,IS,1597947140,40,54,66.04,-17.34,286.15,6.2
482,Chernyshevskiy,RU,1597947125,38,68,63.01,112.47,280.09,2.31
483,Mocuba,MZ,1597947140,18,82,-16.84,36.99,294.21,2.78
484,Manto,HN,1597947140,69,42,14.92,-86.38,305.29,1.19
485,Urdoma,RU,1597947140,100,79,61.75,48.54,285.42,2.98
486,Lingao,CN,1597947140,99,82,19.91,109.69,299.14,3.22
487,Ranong,TH,1597947140,95,76,9.97,98.63,299.52,1.24
488,Upington,ZA,1597947140,0,20,-28.45,21.26,286.15,2.1
489,Celestún,MX,1597946953,93,62,20.87,-90.4,303.36,3.4
490,Pangai,TO,1597947140,40,94,-19.8,-174.35,297.15,2.6
491,Sirte,LY,1597947141,0,78,31.21,16.59,300.25,6.17
492,Māngrol,IN,1597947141,100,86,21.12,70.12,300.76,5.2
493,Biscarrosse,FR,1597947078,43,48,44.39,-1.17,303.15,2.1
494,Waycross,US,1597947141,40,45,31.21,-82.35,304.15,1.5
495,Humaitá,BR,1597947141,4,19,-7.51,-63.02,314.41,1.83
496,Deep River,CA,1597946942,90,87,46.1,-77.5,289.15,1.5
497,Lázaro Cárdenas,MX,1597947141,99,71,17.96,-102.2,302.63,1.62
498,Coyhaique,CL,1597947086,73,50,-45.58,-72.07,284.15,3.1
499,Qaryat Sulūq,LY,1597946993,0,64,31.67,20.25,299.41,8.59
500,Ulladulla,AU,1597947141,5,62,-35.35,150.47,284.15,8.7
501,Honningsvåg,NO,1597947141,40,87,70.98,25.97,283.15,1.5
502,Ouahigouya,BF,1597947142,81,48,13.58,-2.42,305.49,2.34
503,Ponta Delgada,PT,1597947142,75,78,37.73,-25.67,295.15,3.6
504,Baraboo,US,1597947142,1,53,43.47,-89.74,300.15,5.7
505,Hongjiang,CN,1597947142,41,90,27.11,110.0,296.21,1.0
506,Nola,IT,1597947142,0,54,40.92,14.53,302.15,3.6
507,Boundiali,CI,1597947142,71,83,9.52,-6.49,299.75,1.29
508,Carlsbad,US,1597947142,1,69,33.16,-117.35,305.93,4.1
509,Kaliua,TZ,1597947142,96,34,-5.06,31.79,299.7,1.57
510,Verkhnevilyuysk,RU,1597947142,0,85,63.45,120.32,278.45,0.82
511,Sterling,US,1597947143,75,54,39.01,-77.43,302.04,0.7
512,Shepsi,RU,1597947143,10,76,44.04,39.15,296.61,3.41
513,Ossora,RU,1597947143,100,92,59.24,163.07,284.03,5.69
514,Taber,CA,1597947143,75,53,49.82,-112.15,297.15,3.1
515,Livingston,GB,1597947073,75,56,55.9,-3.52,294.15,4.6
516,Gazojak,TM,1597947143,0,21,41.19,61.4,298.31,6.62
517,Bilibino,RU,1597947143,100,91,68.05,166.44,279.76,0.53
518,Poso,ID,1597947143,79,79,-1.4,120.75,297.45,2.29
519,Russell,US,1597947143,1,66,32.35,-85.2,302.59,2.14
520,Okha,RU,1597947143,1,82,53.57,142.95,285.88,6.71
521,Kondapalle,IN,1597947143,100,98,16.62,80.53,295.95,3.32
522,Dubrovka,RU,1597947144,98,88,53.69,33.51,288.74,3.9
523,Tolaga Bay,NZ,1597947144,1,64,-38.37,178.3,287.44,7.08
524,Basco,PH,1597947144,96,69,20.45,121.97,302.58,0.7
525,Namatanai,PG,1597947144,5,84,-3.67,152.43,298.63,2.91
526,Baiima,SL,1597947144,100,95,8.1,-11.85,296.66,1.85
527,Rosario,AR,1597947042,0,26,-32.95,-60.64,287.59,4.6
528,Havøysund,NO,1597947144,40,87,71.0,24.66,283.15,1.5
529,Troitsko-Pechorsk,RU,1597947144,0,84,62.71,56.2,287.18,4.66
530,Calatrava,PH,1597947144,75,94,10.6,123.48,299.15,1.0
531,Mogadishu,SO,1597947144,42,81,2.04,45.34,297.94,6.3
532,Andros Town,BS,1597947145,40,62,24.7,-77.77,305.15,6.7
533,Włoszczowa,PL,1597947145,38,47,50.85,19.97,297.04,0.45
534,Tateyama,JP,1597947145,0,93,34.98,139.87,300.93,1.34
535,Ciudad Bolivar,VE,1597947145,9,50,8.12,-63.55,306.82,1.79
536,Soto,AR,1597947145,0,26,-32.81,-61.4,288.15,4.6
537,Seredka,RU,1597947145,83,77,58.16,28.19,289.15,2.09
538,Cairns,AU,1597947145,0,93,-16.92,145.77,289.26,0.5
539,Dzaoudzi,YT,1597947145,43,83,-12.79,45.27,297.15,3.1
540,Jalu,LY,1597947145,0,23,29.03,21.55,305.2,4.26
541,San Andrés,CO,1597947145,75,70,12.58,-81.7,304.15,2.6
542,Neryungri,RU,1597947146,27,80,56.67,124.65,280.75,0.51
543,Margate,GB,1597947146,48,67,51.38,1.39,298.15,1.79
544,Merauke,ID,1597947146,29,74,-8.47,140.33,296.01,4.48
545,Hanna,CA,1597947146,86,58,51.63,-111.9,297.04,4.47
546,Sørland,NO,1597947146,75,57,67.67,12.69,284.15,3.1
547,Sidi Ali,DZ,1597947146,0,61,36.1,0.42,300.28,1.45
548,Kemijärvi,FI,1597947146,91,89,66.71,27.43,288.98,1.36
549,George,ZA,1597947146,75,100,-33.96,22.46,286.15,2.6
550,Karratha,AU,1597947146,0,38,-20.74,116.85,293.65,2.92
551,Asău,RO,1597947146,38,96,46.43,26.4,290.93,1.58
552,Illela,NG,1597947147,51,44,13.73,5.3,305.8,3.38
553,Astoria,US,1597946972,75,82,46.19,-123.83,292.15,2.27
554,Sibolga,ID,1597947147,86,82,1.74,98.78,299.11,1.33
555,Amahai,ID,1597947147,72,86,-3.33,128.92,297.2,1.19
556,Goundam,ML,1597947147,49,29,16.41,-3.67,310.12,2.61
557,Bonthe,SL,1597947147,100,85,7.53,-12.51,298.07,5.53
558,Port Shepstone,ZA,1597947147,17,65,-30.74,30.45,288.43,2.26
559,Mattawa,US,1597947147,40,36,46.74,-119.9,300.37,1.5
560,Pahlgām,IN,1597947148,79,68,34.03,75.33,287.83,0.18
561,Zaysan,KZ,1597947132,7,28,47.47,84.87,292.99,3.32
